;porosity;characteristical_pore_length;sample_id;MEAN_pore_row_length;median_pore_row_length;MEAN_material_row_length;median_material_row_length;sum_medians;sum_MEANS
0;0,1;5,0;0,0;9,495826377295492;8,0;78,009126009126;57,0;65,0;87,5049523864215
1;0,1;10,0;0,0;18,857831325301206;17,0;125,36615732880588;90,0;107,0;144,22398865410707
2;0,1;15,0;0,0;22,431413612565446;22,0;164,15418502202644;151,5;173,5;186,5855986345919
3;0,1;20,0;0,0;33,43401759530792;30,0;187,35075885328837;187,0;217,0;220,7847764485963
4;0,1;25,0;0,0;45,28951486697966;44,0;189,52631578947367;211,0;255,0;234,81583065645333
5;0,1;30,0;0,0;44,85507246376812;38,0;235,2991452991453;255,0;293,0;280,1542177629134
6;0,15;5,0;0,0;10,536600120992135;9,0;58,640066964285715;41,0;50,0;69,17666708527786
7;0,15;10,0;0,0;20,092017738359203;18,0;96,55596669750231;71,0;89,0;116,64798443586152
8;0,15;15,0;0,0;30,99279423538831;28,0;126,71375921375922;106,0;134,0;157,70655344914752
9;0,15;20,0;0,0;32,32488262910798;28,0;163,99844236760126;134,5;162,5;196,32332499670923
10;0,15;25,0;0,0;43,44528710725894;39,0;178,63993025283347;159,0;198,0;222,0852173600924
11;0,15;30,0;0,0;54,40533333333333;46,0;198,82765335929892;190,0;236,0;253,23298669263227
12;0,2;5,0;0,0;12,223608684801597;10,0;45,28066528066528;34,0;44,0;57,50427396546688
13;0,2;10,0;0,0;23,396899953029592;21,0;83,44933732364258;62,0;83,0;106,84623727667217
14;0,2;15,0;0,0;32,2537517053206;28,0;110,82735426008969;77,0;105,0;143,0811059654103
15;0,2;20,0;0,0;42,0;34,0;151,81484315225708;131,0;165,0;193,81484315225708
16;0,2;25,0;0,0;51,280590717299575;45,0;172,11744084136723;176,0;221,0;223,3980315586668
17;0,2;30,0;0,0;57,0848623853211;50,0;154,4477848101266;132,0;182,0;211,53264719544768
18;0,25;5,0;0,0;13,065324480616834;11,0;37,727701455813;30,0;41,0;50,79302593642983
19;0,25;10,0;0,0;27,30755864465682;22,0;70,40510243525318;51,0;73,0;97,71266107991
20;0,25;15,0;0,0;38,02068965517241;35,0;88,14391325776245;64,0;99,0;126,16460291293487
21;0,25;20,0;0,0;44,460016488046165;36,0;141,84855233853006;100,0;136,0;186,30856882657622
22;0,25;25,0;0,0;52,65568862275449;47,0;123,34180790960453;117,0;164,0;175,997496532359
23;0,25;30,0;0,0;81,11306532663316;76,0;165,23260073260073;160,0;236,0;246,3456660592339
24;0,3;5,0;0,0;14,72962226640159;12,0;32,943330763299926;25,0;37,0;47,67295302970152
25;0,3;10,0;0,0;28,298638911128904;24,0;68,92447607750098;55,0;79,0;97,22311498862989
26;0,3;15,0;0,0;39,93007769145394;35,0;91,26898734177215;66,0;101,0;131,19906503322608
27;0,3;20,0;0,0;53,745983167559295;47,0;126,72516316171138;120,0;167,0;180,47114632927068
28;0,3;25,0;0,0;60,510708401976935;58,0;117,33242134062928;102,0;160,0;177,8431297426062
29;0,3;30,0;0,0;76,1390041493776;55,0;178,19522326064381;190,0;245,0;254,3342274100214
30;0,35;5,0;0,0;16,204190476190476;13,0;29,23195028331201;22,0;35,0;45,436140759502486
31;0,35;10,0;0,0;28,989480827960637;26,0;49,989974937343355;40,0;66,0;78,979455765304
32;0,35;15,0;0,0;44,795309168443495;39,0;79,40996546620622;65,0;104,0;124,20527463464971
33;0,35;20,0;0,0;49,676286072772896;44,0;92,01775804661487;70,0;114,0;141,69404411938777
34;0,35;25,0;0,0;66,36658556366585;53,0;122,6842105263158;96,0;149,0;189,05079608998165
35;0,35;30,0;0,0;77,83840304182509;63,0;122,6421052631579;122,5;185,5;200,480508304983
36;0,4;5,0;0,0;17,577968777407474;14,0;24,640571817562968;20,0;34,0;42,21854059497044
37;0,4;10,0;0,0;34,05238415043654;28,0;46,46990291262136;34,0;62,0;80,52228706305789
38;0,4;15,0;0,0;49,55555555555556;45,0;73,75748792270531;54,0;99,0;123,31304347826087
39;0,4;20,0;0,0;67,07732293697207;55,0;83,44202472042377;59,0;114,0;150,51934765739583
40;0,4;25,0;0,0;69,75019040365575;59,0;121,95389507154214;114,0;173,0;191,70408547519787
41;0,4;30,0;0,0;82,42146189735614;77,0;95,6682725395733;82,0;159,0;178,08973443692943
42;0,45;5,0;0,0;19,055400696864112;15,0;23,322785898538264;18,0;33,0;42,378186595402376
43;0,45;10,0;0,0;35,71674114816088;28,0;45,152;36,0;64,0;80,86874114816088
44;0,45;15,0;0,0;55,67007150153218;44,0;67,09324124321658;52,0;96,0;122,76331274474876
45;0,45;20,0;0,0;69,17639827904118;64,0;74,8728094968909;58,0;122,0;144,04920777593208
46;0,45;25,0;0,0;90,13680781758957;83,0;99,05014749262537;79,0;162,0;189,18695531021496
47;0,45;30,0;0,0;90,58428680396644;78,0;84,95558546433378;67,0;145,0;175,5398722683002
48;0,5;5,0;0,0;21,688031961090847;16,0;21,43096682126293;16,0;32,0;43,11899878235378
49;0,5;10,0;0,0;39,712890625;31,0;42,31234950120399;34,0;65,0;82,02524012620398
50;0,5;15,0;0,0;56,29690346083789;43,0;57,52227488151659;49,0;92,0;113,81917834235448
51;0,5;20,0;0,0;67,06480985538296;57,0;66,88442211055276;53,0;110,0;133,94923196593572
52;0,5;25,0;0,0;86,17111567419576;67,0;85,01356174161313;61,0;128,0;171,1846774158089
53;0,5;30,0;0,0;100,13174603174603;88,0;84,27943262411347;80,0;168,0;184,4111786558595
54;0,1;5,0;1,0;9,190457868410927;8,0;72,85469522240527;49,0;57,0;82,0451530908162
55;0,1;10,0;1,0;18,02724358974359;15,0;138,5442092154421;112,0;127,0;156,5714528051857
56;0,1;15,0;1,0;25,635524798154556;22,0;171,8935185185185;147,0;169,0;197,52904331667307
57;0,1;20,0;1,0;33,585915492957746;29,5;199,41749323715058;195,0;224,5;233,00340873010833
58;0,1;25,0;1,0;43,610169491525426;42,0;195,42780748663102;170,0;212,0;239,03797697815645
59;0,1;30,0;1,0;38,82;33,0;211,75549188156637;198,0;231,0;250,57549188156636
60;0,15;5,0;1,0;11,62826420890937;10,0;56,78453947368421;43,0;53,0;68,41280368259358
61;0,15;10,0;1,0;19,785026737967915;17,0;94,54636363636364;76,0;93,0;114,33139037433155
62;0,15;15,0;1,0;34,53757736516357;34,0;135,93267326732672;95,0;129,0;170,4702506324903
63;0,15;20,0;1,0;36,48049281314169;31,0;165,71835443037975;135,0;166,0;202,19884724352144
64;0,15;25,0;1,0;45,72716488730724;40,0;162,30503144654088;145,0;185,0;208,0321963338481
65;0,15;30,0;1,0;51,00451127819549;36,0;200,07772511848341;227,0;263,0;251,0822363966789
66;0,2;5,0;1,0;12,283645443196004;10,0;45,472364143056204;34,0;44,0;57,756009586252205
67;0,2;10,0;1,0;24,09304652326163;21,0;84,15476699444207;65,0;86,0;108,2478135177037
68;0,2;15,0;1,0;33,693370165745854;27,0;114,47607934655775;74,0;101,0;148,1694495123036
69;0,2;20,0;1,0;44,70038910505836;37,0;133,05347593582889;102,0;139,0;177,75386504088726
70;0,2;25,0;1,0;48,900432900432904;47,0;169,1922099915326;157,0;204,0;218,0926428919655
71;0,2;30,0;1,0;70,68051948051948;54,0;182,36937799043062;192,0;246,0;253,0498974709501
72;0,25;5,0;1,0;13,679830747531735;12,0;41,292219274977896;31,0;43,0;54,972050022509634
73;0,25;10,0;1,0;26,063211125158027;22,0;67,93471810089021;52,0;74,0;93,99792922604823
74;0,25;15,0;1,0;41,31886678722122;35,0;84,50766283524904;67,0;102,0;125,82652962247025
75;0,25;20,0;1,0;47,138888888888886;41,0;125,79046339825386;108,0;149,0;172,92935228714276
76;0,25;25,0;1,0;50,25285338015804;42,0;143,54892966360856;127,0;169,0;193,8017830437666
77;0,25;30,0;1,0;68,83373493975904;66,0;169,70912375790425;165,0;231,0;238,5428586976633
78;0,3;5,0;1,0;14,72901296111665;12,0;32,25292122125895;25,0;37,0;46,9819341823756
79;0,3;10,0;1,0;29,6989604989605;25,0;65,6234404536862;48,0;73,0;95,3224009526467
80;0,3;15,0;1,0;43,40557275541796;39,0;90,3409090909091;61,0;100,0;133,74648184632704
81;0,3;20,0;1,0;58,088554720133665;46,0;111,12602913236225;91,0;137,0;169,2145838524959
82;0,3;25,0;1,0;59,733333333333334;50,0;103,54385964912281;69,0;119,0;163,27719298245614
83;0,3;30,0;1,0;79,18086124401914;72,0;121,44910179640719;98,0;170,0;200,62996304042633
84;0,35;5,0;1,0;16,31103552532124;14,0;29,19632014719411;22,0;36,0;45,50735567251535
85;0,35;10,0;1,0;34,97767145135566;28,0;58,22880414661237;48,0;76,0;93,20647559796802
86;0,35;15,0;1,0;41,3214953271028;34,0;63,98528810788721;49,0;83,0;105,30678343499001
87;0,35;20,0;1,0;53,11975683890577;49,0;98,88205771643663;69,5;118,5;152,0018145553424
88;0,35;25,0;1,0;55,43115124153499;49,0;127,47916666666667;123,0;172,0;182,91031790820165
89;0,35;30,0;1,0;93,19023397761953;84,0;122,7152;86,0;170,0;215,9054339776195
90;0,4;5,0;1,0;18,281117070464212;14,0;26,291419320021586;20,0;34,0;44,572536390485794
91;0,4;10,0;1,0;33,16991269308261;28,0;48,70752831445703;37,0;65,0;81,87744100753963
92;0,4;15,0;1,0;47,282271023031605;33,0;79,59573387506349;60,0;93,0;126,8780048980951
93;0,4;20,0;1,0;56,07701283547258;50,0;94,70992366412214;81,0;131,0;150,78693649959473
94;0,4;25,0;1,0;73,0375;66,0;106,39887640449439;84,0;150,0;179,43637640449438
95;0,4;30,0;1,0;72,02209005947324;67,0;124,88698363211223;115,0;182,0;196,9090736915855
96;0,45;5,0;1,0;19,53651240541967;16,0;23,51658767772512;18,0;34,0;43,05310008314479
97;0,45;10,0;1,0;35,171078114912845;28,0;43,32484076433121;32,0;60,0;78,49591887924406
98;0,45;15,0;1,0;54,544095665171895;46,0;64,29316888045541;51,0;97,0;118,8372645456273
99;0,45;20,0;1,0;65,10479573712256;53,0;77,74208405296488;58,0;111,0;142,84687979008743
100;0,45;25,0;1,0;87,2247454972592;81,0;101,2994692949204;91,0;172,0;188,5242147921796
101;0,45;30,0;1,0;95,70421155729677;72,0;107,42961342086069;91,0;163,0;203,13382497815746
102;0,5;5,0;1,0;20,733117877189997;16,0;21,134763948497856;16,0;32,0;41,86788182568785
103;0,5;10,0;1,0;36,802231866088036;28,0;39,22833178005592;30,0;58,0;76,03056364614395
104;0,5;15,0;1,0;53,62751971954426;48,0;54,88898836168308;45,0;93,0;108,51650808122734
105;0,5;20,0;1,0;69,46129032258065;54,0;62,22568511552929;52,0;106,0;131,68697543810993
106;0,5;25,0;1,0;81,37219101123596;75,0;84,17601043024771;76,0;151,0;165,54820144148368
107;0,5;30,0;1,0;116,64172901080632;92,0;77,14075165806928;60,0;152,0;193,7824806688756
108;0,1;5,0;2,0;9,710873146622735;9,0;76,85595279416869;59,0;68,0;86,56682594079142
109;0,1;10,0;2,0;16,416730038022813;15,0;131,9621972829297;111,0;126,0;148,37892732095253
110;0,1;15,0;2,0;26,09746588693957;23,0;144,04224422442243;112,0;135,0;170,139710111362
111;0,1;20,0;2,0;28,575581395348838;23,0;211,38836772983115;216,0;239,0;239,96394912518
112;0,1;25,0;2,0;47,33101045296167;34,0;231,73617021276596;300,0;334,0;279,0671806657276
113;0,1;30,0;2,0;39,25833333333333;36,0;264,20093457943926;310,0;346,0;303,4592679127726
114;0,15;5,0;2,0;10,842693325492503;9,0;54,184847695912524;41,0;50,0;65,02754102140503
115;0,15;10,0;2,0;19,544732662784543;17,0;93,2258064516129;71,0;88,0;112,77053911439744
116;0,15;15,0;2,0;27,778592375366568;24,0;125,7498482088646;118,0;142,0;153,52844058423116
117;0,15;20,0;2,0;35,96271929824562;33,0;162,9815668202765;140,0;173,0;198,94428611852211
118;0,15;25,0;2,0;44,88156288156288;46,0;173,10224438902742;140,0;186,0;217,9838072705903
119;0,15;30,0;2,0;51,83261183261183;46,0;211,61943319838056;226,0;272,0;263,4520450309924
120;0,2;5,0;2,0;12,102498725140235;10,0;46,58820754716981;36,0;46,0;58,690706272310045
121;0,2;10,0;2,0;22,45872420262664;19,0;78,53306772908367;58,0;77,0;100,99179193171031
122;0,2;15,0;2,0;34,010233918128655;29,0;112,06888763410502;89,0;118,0;146,0791215522337
123;0,2;20,0;2,0;35,879096868171885;31,0;126,85547634478289;115,0;146,0;162,73457321295479
124;0,2;25,0;2,0;48,13588110403397;47,0;142,10391459074734;116,0;163,0;190,23979569478132
125;0,2;30,0;2,0;53,97975253093363;42,0;165,5563025210084;132,0;174,0;219,53605505194204
126;0,25;5,0;2,0;13,499330655957163;11,0;38,55715778474399;28,0;39,0;52,05648844070116
127;0,25;10,0;2,0;24,771370143149284;21,0;66,89662676822633;49,0;70,0;91,66799691137561
128;0,25;15,0;2,0;35,19114219114219;32,0;100,71576650300055;91,0;123,0;135,90690869414274
129;0,25;20,0;2,0;49,00425531914894;44,0;138,62426035502958;104,0;148,0;187,62851567417852
130;0,25;25,0;2,0;50,70826580226905;48,0;115,09526813880126;83,0;131,0;165,8035339410703
131;0,25;30,0;2,0;65,66796116504854;47,0;150,17950889077053;136,0;183,0;215,8474700558191
132;0,3;5,0;2,0;14,188747007182762;12,0;34,22279078921472;26,0;38,0;48,41153779639748
133;0,3;10,0;2,0;27,492808478425435;24,0;59,415374008962424;41,0;65,0;86,90818248738786
134;0,3;15,0;2,0;41,15814226925338;32,0;89,60061443932412;76,0;108,0;130,7587567085775
135;0,3;20,0;2,0;51,35857142857143;42,0;107,31432114073155;85,0;127,0;158,67289256930297
136;0,3;25,0;2,0;84,0981240981241;98,0;186,34730538922156;187,0;285,0;270,4454294873457
137;0,3;30,0;2,0;54,17443609022556;46,0;131,419452887538;110,0;156,0;185,59388897776356
138;0,35;5,0;2,0;15,992037914691943;13,0;30,13921200750469;22,0;35,0;46,13124992219663
139;0,35;10,0;2,0;28,810198300283286;24,0;57,23679608254634;43,0;67,0;86,04699438282962
140;0,35;15,0;2,0;45,117478510028654;38,0;73,89777777777778;54,0;92,0;119,01525628780644
141;0,35;20,0;2,0;51,28478543563069;46,0;101,91656441717791;80,0;126,0;153,2013498528086
142;0,35;25,0;2,0;63,337488869100625;53,0;130,73082706766917;116,0;169,0;194,0683159367698
143;0,35;30,0;2,0;65,70481927710843;56,0;121,52850539291217;95,0;151,0;187,23332467002058
144;0,4;5,0;2,0;17,27963418923672;14,0;25,249139710942877;19,0;33,0;42,5287739001796
145;0,4;10,0;2,0;33,993457638207396;27,0;42,92120474596897;31,0;58,0;76,91466238417637
146;0,4;15,0;2,0;56,57060849598163;45,0;78,8659127625202;58,0;103,0;135,43652125850184
147;0,4;20,0;2,0;62,46747967479675;53,0;94,08743842364532;79,0;132,0;156,55491809844207
148;0,4;25,0;2,0;66,9565816678153;56,0;91,20666255397903;67,0;123,0;158,16324422179434
149;0,4;30,0;2,0;74,18648018648018;61,0;117,54874213836477;100,0;161,0;191,73522232484495
150;0,45;5,0;2,0;19,878885893980232;16,0;23,850550230741923;18,0;34,0;43,729436124722156
151;0,45;10,0;2,0;36,60189109879361;30,0;43,479200786112024;34,0;64,0;80,08109188490563
152;0,45;15,0;2,0;55,63040238450075;49,0;61,072543617998164;53,0;102,0;116,70294600249892
153;0,45;20,0;2,0;72,31402831402832;52,5;82,17100371747212;72,0;124,5;154,48503203150045
154;0,45;25,0;2,0;74,56890699253225;56,0;90,3475935828877;75,0;131,0;164,91650057541995
155;0,45;30,0;2,0;98,17737556561086;77,0;117,88773747841105;95,0;172,0;216,06511304402193
156;0,5;5,0;2,0;21,24103448275862;17,0;20,640908320623623;16,0;33,0;41,881942803382245
157;0,5;10,0;2,0;39,79726962457338;30,0;44,25853154084798;31,0;61,0;84,05580116542137
158;0,5;15,0;2,0;57,20379575237234;47,0;57,28495403967102;42,0;89,0;114,48874979204336
159;0,5;20,0;2,0;74,82226211849192;72,0;65,02547425474255;54,0;126,0;139,84773637323445
160;0,5;25,0;2,0;89,50410754294249;64,0;91,02109090909092;69,0;133,0;180,5251984520334
161;0,5;30,0;2,0;96,8619119878604;75,0;79,98364008179959;68,0;143,0;176,84555206966
162;0,1;5,0;3,0;9,470337340054284;9,0;73,35417359494512;55,0;64,0;82,82451093499941
163;0,1;10,0;3,0;17,595744680851062;14,0;122,25985563575792;90,0;104,0;139,85560031660899
164;0,1;15,0;3,0;27,216473072861668;22,0;162,63056379821958;135,5;157,5;189,84703687108126
165;0,1;20,0;3,0;33,73770491803279;29,0;167,6236559139785;137,0;166,0;201,3613608320113
166;0,1;25,0;3,0;40,85612788632327;36,0;225,3786802030457;214,0;250,0;266,234808089369
167;0,1;30,0;3,0;68,64878048780488;61,0;213,64926108374385;217,0;278,0;282,29804157154877
168;0,15;5,0;3,0;11,343302180685358;10,0;57,957210336204504;45,0;55,0;69,30051251688987
169;0,15;10,0;3,0;21,86454183266932;19,0;92,225;72,0;91,0;114,08954183266931
170;0,15;15,0;3,0;32,04809286898839;29,0;125,66991473812423;103,0;132,0;157,7180076071126
171;0,15;20,0;3,0;54,158125915080525;46,0;166,00957701516361;163,0;209,0;220,16770293024413
172;0,15;25,0;3,0;46,35098335854766;43,0;167,99529780564262;147,0;190,0;214,3462811641903
173;0,15;30,0;3,0;50,68201438848921;50,0;199,21747388414056;193,0;243,0;249,89948827262975
174;0,2;5,0;3,0;12,295863993910174;10,0;45,63315532853494;34,0;44,0;57,929019322445114
175;0,2;10,0;3,0;25,292753623188407;19,0;79,08210180623973;73,0;92,0;104,37485542942814
176;0,2;15,0;3,0;31,038416763678697;27,0;95,88594297148575;81,0;108,0;126,92435973516444
177;0,2;20,0;3,0;52,10403397027601;51,0;139,1463068181818;122,0;173,0;191,25034078845783
178;0,2;25,0;3,0;48,33797909407666;38,0;159,25042016806722;151,0;189,0;207,58839926214387
179;0,2;30,0;3,0;60,391304347826086;53,0;147,32596685082873;128,0;181,0;207,71727119865483
180;0,25;5,0;3,0;13,039809606231069;11,0;38,183133526250515;27,0;38,0;51,22294313248158
181;0,25;10,0;3,0;28,5069788383611;25,0;71,05436057880328;50,0;75,0;99,56133941716439
182;0,25;15,0;3,0;39,11194029850746;31,0;103,35300794551645;73,0;104,0;142,4649482440239
183;0,25;20,0;3,0;50,628571428571426;44,0;126,89320388349515;99,0;143,0;177,52177531206658
184;0,25;25,0;3,0;51,48790322580645;41,0;182,2593984962406;173,0;214,0;233,74730172204704
185;0,25;30,0;3,0;70,09681227863047;49,0;167,38322813345357;148,0;197,0;237,48004041208404
186;0,3;5,0;3,0;14,446896551724137;12,0;33,49239172844323;26,0;38,0;47,93928828016737
187;0,3;10,0;3,0;26,210683601045947;22,0;58,68882175226586;44,0;66,0;84,89950535331181
188;0,3;15,0;3,0;47,475641025641025;39,0;91,65576407506703;71,0;110,0;139,13140510070804
189;0,3;20,0;3,0;50,62893081761006;40,0;120,74877536738978;86,0;126,0;171,37770618499985
190;0,3;25,0;3,0;56,470957613814754;46,0;138,00318979266348;123,0;169,0;194,47414740647824
191;0,3;30,0;3,0;60,130391173520565;52,0;168,99543378995435;153,0;205,0;229,1258249634749
192;0,35;5,0;3,0;15,49870418363569;13,0;28,701904253425877;22,0;35,0;44,20060843706157
193;0,35;10,0;3,0;31,418672501823487;26,0;54,90839958520567;45,0;71,0;86,32707208702917
194;0,35;15,0;3,0;42,09711684370258;38,0;78,49296458030082;61,0;99,0;120,5900814240034
195;0,35;20,0;3,0;49,60791366906475;39,0;89,10159253157606;63,0;102,0;138,70950620064082
196;0,35;25,0;3,0;64,26484751203853;59,0;121,80649926144756;80,0;139,0;186,07134677348608
197;0,35;30,0;3,0;75,62779922779923;59,0;108,93481481481481;93,0;152,0;184,56261404261403
198;0,4;5,0;3,0;17,28811188811189;14,0;24,925281473899695;19,0;33,0;42,21339336201159
199;0,4;10,0;3,0;31,64426125554851;25,0;45,189542483660134;35,0;60,0;76,83380373920865
200;0,4;15,0;3,0;50,409674234945705;43,0;69,32071809801067;53,0;96,0;119,73039233295637
201;0,4;20,0;3,0;69,81742738589212;56,0;88,80641183723797;78,0;134,0;158,6238392231301
202;0,4;25,0;3,0;71,1788990825688;60,0;112,10184501845019;85,0;145,0;183,280744101019
203;0,4;30,0;3,0;99,26876090750436;84,0;94,82514450867052;69,0;153,0;194,0939054161749
204;0,45;5,0;3,0;20,05284256559767;15,0;24,738771769019248;18,0;33,0;44,791614334616916
205;0,45;10,0;3,0;37,74761255115962;29,0;44,819486152819486;37,0;66,0;82,5670987039791
206;0,45;15,0;3,0;51,95235780262518;41,0;65,24988190836089;52,0;93,0;117,20223971098608
207;0,45;20,0;3,0;76,6036709721278;72,0;85,20025756600128;72,0;144,0;161,80392853812907
208;0,45;25,0;3,0;91,31595576619273;75,0;94,44817518248175;76,0;151,0;185,76413094867448
209;0,45;30,0;3,0;107,24587155963303;109,0;103,30806451612904;88,0;197,0;210,55393607576207
210;0,5;5,0;3,0;20,847399829497014;16,0;21,109391124871;17,0;33,0;41,95679095436802
211;0,5;10,0;3,0;41,122610415293344;30,0;41,13376667807047;34,0;64,0;82,25637709336382
212;0,5;15,0;3,0;59,41901576684185;47,0;57,36376604850214;41,0;88,0;116,782781815344
213;0,5;20,0;3,0;66,77280086346465;59,0;66,59527732015376;54,0;113,0;133,36807818361842
214;0,5;25,0;3,0;74,22165605095542;51,0;85,648;64,0;115,0;159,86965605095543
215;0,5;30,0;3,0;106,36741767764298;94,0;97,02539682539683;80,0;174,0;203,3928145030398
216;0,1;5,0;4,0;9,475915221579962;9,0;72,93514228987425;53,0;62,0;82,41105751145422
217;0,1;10,0;4,0;18,791519434628974;17,0;116,11376927166401;84,0;101,0;134,905288706293
218;0,1;15,0;4,0;29,814410480349345;25,0;168,88285492629944;138,0;163,0;198,6972654066488
219;0,1;20,0;4,0;42,82212257100149;40,0;178,6556564822461;160,0;200,0;221,4777790532476
220;0,1;25,0;4,0;31,938671209540033;30,0;229,0;266,0;296,0;260,93867120954
221;0,1;30,0;4,0;41,03693181818182;35,5;230,39445628997868;274,0;309,5;271,4313881081605
222;0,15;5,0;4,0;10,38209982788296;9,0;54,704741943935026;39,0;48,0;65,08684177181799
223;0,15;10,0;4,0;22,005963029218844;19,0;99,90206433029284;80,0;99,0;121,90802735951169
224;0,15;15,0;4,0;30,944696282864914;26,0;141,42723004694835;112,0;138,0;172,37192632981328
225;0,15;20,0;4,0;34,16240875912409;34,0;138,46430953969312;122,0;156,0;172,6267182988172
226;0,15;25,0;4,0;52,47522236340534;50,0;167,6559670781893;141,0;191,0;220,13118944159464
227;0,15;30,0;4,0;50,606141522029375;40,0;173,59262363788767;151,0;191,0;224,19876515991706
228;0,2;5,0;4,0;12,276133088813204;11,0;48,70747295968535;37,0;48,0;60,98360604849855
229;0,2;10,0;4,0;22,683718642400393;19,0;84,9205807002562;59,0;78,0;107,60429934265659
230;0,2;15,0;4,0;30,415865384615383;26,0;101,56112852664577;91,0;117,0;131,97699391126116
231;0,2;20,0;4,0;55,1505376344086;52,0;134,89554317548746;109,0;161,0;190,04608080989607
232;0,2;25,0;4,0;45,43230625583567;40,0;140,54545454545453;118,0;158,0;185,9777608012902
233;0,2;30,0;4,0;53,0625;50,0;232,9030172413793;255,0;305,0;285,9655172413793
234;0,25;5,0;4,0;13,728924895992993;11,0;37,9002079002079;30,0;41,0;51,62913279620089
235;0,25;10,0;4,0;25,895541401273885;21,0;68,53482309124767;51,0;72,0;94,43036449252156
236;0,25;15,0;4,0;35,89498525073746;32,0;100,24931954273272;86,0;118,0;136,14430479347018
237;0,25;20,0;4,0;53,293805309734516;44,0;121,48454963839579;103,0;147,0;174,7783549481303
238;0,25;25,0;4,0;54,67130434782609;48,0;138,5003802281369;107,0;155,0;193,17168457596298
239;0,25;30,0;4,0;74,39759036144578;47,0;175,02387774594078;169,0;216,0;249,42146810738654
240;0,3;5,0;4,0;14,294433781190019;12,0;31,87997756590017;25,0;37,0;46,174411347090185
241;0,3;10,0;4,0;29,53863550697324;24,0;59,68266475644699;47,0;71,0;89,22130026342023
242;0,3;15,0;4,0;37,452694610778444;35,5;95,72612801678909;71,0;106,5;133,17882262756754
243;0,3;20,0;4,0;58,4577522559475;51,0;112,52590673575129;94,0;145,0;170,9836589916988
244;0,3;25,0;4,0;51,60033444816054;44,0;148,7711038961039;119,0;163,0;200,37143834426445
245;0,3;30,0;4,0;68,12423625254583;58,0;151,70528109028962;126,0;184,0;219,82951734283546
246;0,35;5,0;4,0;15,154934687953556;12,0;28,771560940841056;22,0;34,0;43,92649562879461
247;0,35;10,0;4,0;30,7954802259887;26,0;62,04408969973394;43,0;69,0;92,83956992572264
248;0,35;15,0;4,0;45,768261964735515;35,0;68,66369710467706;54,0;89,0;114,43195906941257
249;0,35;20,0;4,0;62,70445956160242;50,0;96,56853396901073;75,0;125,0;159,27299353061315
250;0,35;25,0;4,0;63,62428219852338;56,0;130,30505836575875;101,0;157,0;193,92934056428214
251;0,35;30,0;4,0;85,66208251473478;77,0;162,17471736896198;157,0;234,0;247,83679988369676
252;0,4;5,0;4,0;17,939907834101383;15,0;26,714182344428366;22,0;37,0;44,65409017852975
253;0,4;10,0;4,0;33,008211353088186;28,0;54,09361702127659;43,0;71,0;87,10182837436477
254;0,4;15,0;4,0;49,55282051282051;43,0;70,5861084681256;54,0;97,0;120,1389289809461
255;0,4;20,0;4,0;62,64191616766467;55,0;81,14913294797688;67,0;122,0;143,79104911564156
256;0,4;25,0;4,0;61,34138162307176;60,0;101,48050231328486;87,0;147,0;162,8218839363566
257;0,4;30,0;4,0;79,3826247689464;78,0;132,369384359401;111,0;189,0;211,75200912834742
258;0,45;5,0;4,0;18,83836832223929;15,0;23,21938599517075;18,0;33,0;42,057754317410044
259;0,45;10,0;4,0;35,96396396396396;28,0;46,061094326955356;36,0;64,0;82,02505829091932
260;0,45;15,0;4,0;44,5518102372035;37,0;60,26299694189603;48,0;85,0;104,81480717909952
261;0,45;20,0;4,0;62,842703009653604;50,0;80,2952779438135;68,0;118,0;143,1379809534671
262;0,45;25,0;4,0;85,14450867052022;67,0;115,45158665581774;81,0;148,0;200,59609532633795
263;0,45;30,0;4,0;88,1405030355594;63,0;120,68518518518519;104,0;167,0;208,8256882207446
264;0,5;5,0;4,0;21,730938545518576;17,0;21,12037519541428;17,0;34,0;42,85131374093285
265;0,5;10,0;4,0;37,34609541172896;29,0;38,3822697265011;30,0;59,0;75,72836513823006
266;0,5;15,0;4,0;67,34445023449713;50,0;57,48063555114201;50,0;100,0;124,82508578563915
267;0,5;20,0;4,0;72,03075233388248;63,0;63,2751528627015;56,0;119,0;135,30590519658398
268;0,5;25,0;4,0;85,4574898785425;74,5;78,53483742534837;62,0;136,5;163,99232730389087
269;0,5;30,0;4,0;106,9456;85,5;77,73603351955308;61,0;146,5;184,6816335195531
270;0,1;5,0;5,0;9,935192780968007;9,0;76,97977684797769;52,0;61,0;86,9149696289457
271;0,1;10,0;5,0;23,116883116883116;20,0;133,51681957186545;100,0;120,0;156,63370268874857
272;0,1;15,0;5,0;30,238805970149254;24,0;203,95054945054946;182,5;206,5;234,18935542069872
273;0,1;20,0;5,0;34,19440745672437;29,0;181,70671085335542;181,0;210,0;215,9011183100798
274;0,1;25,0;5,0;42,0503144654088;41,0;202,27618164967564;161,0;202,0;244,32649611508444
275;0,1;30,0;5,0;55,13817330210773;48,0;266,4933814681107;324,0;372,0;321,6315547702185
276;0,15;5,0;5,0;11,488327470418932;10,0;59,12782805429864;43,0;53,0;70,61615552471757
277;0,15;10,0;5,0;19,143510577472842;16,0;101,74025974025975;79,0;95,0;120,88377031773258
278;0,15;15,0;5,0;32,99643493761141;27,0;138,652;112,0;139,0;171,6484349376114
279;0,15;20,0;5,0;42,877654196157735;37,0;144,50356633380883;107,0;144,0;187,38122052996658
280;0,15;25,0;5,0;57,06645056726094;53,0;238,94077448747151;275,5;328,5;296,00722505473243
281;0,15;30,0;5,0;59,1497005988024;47,0;233,24404086265608;268,0;315,0;292,3937414614585
282;0,2;5,0;5,0;12,187732803575862;10,0;45,049436652103935;35,0;45,0;57,2371694556798
283;0,2;10,0;5,0;24,995433789954337;22,0;83,18487037824055;69,0;91,0;108,18030416819488
284;0,2;15,0;5,0;35,647530040053404;28,0;104,75669764898852;86,0;114,0;140,40422768904193
285;0,2;20,0;5,0;40,953271028037385;36,0;140,88235294117646;107,0;143,0;181,83562396921386
286;0,2;25,0;5,0;51,38347457627118;42,0;156,81883479648843;138,0;180,0;208,2023093727596
287;0,2;30,0;5,0;56,20754716981132;39,0;158,95182724252493;135,5;174,5;215,15937441233626
288;0,25;5,0;5,0;12,978073946689596;11,0;37,96545342381246;27,0;38,0;50,94352737050206
289;0,25;10,0;5,0;27,867942583732056;25,0;77,75020815986677;60,0;85,0;105,61815074359883
290;0,25;15,0;5,0;37,33035143769968;30,0;106,01022727272728;79,0;109,0;143,34057871042697
291;0,25;20,0;5,0;43,427931292008964;38,0;116,1280298321939;99,0;137,0;159,55596112420287
292;0,25;25,0;5,0;51,71530886302596;47,0;156,02833333333334;133,0;180,0;207,7436421963593
293;0,25;30,0;5,0;86,04924760601915;78,0;162,8783542039356;143,5;221,5;248,92760180995475
294;0,3;5,0;5,0;14,428991185112634;12,0;32,60513796384396;25,0;37,0;47,034129148956595
295;0,3;10,0;5,0;29,565117172493277;25,0;56,4278038952317;47,0;72,0;85,99292106772498
296;0,3;15,0;5,0;43,321058688147296;38,0;88,75941422594143;65,0;103,0;132,08047291408872
297;0,3;20,0;5,0;48,88173455978975;43,0;93,32713347921225;73,0;116,0;142,208868039002
298;0,3;25,0;5,0;66,49632653061225;60,0;122,77927927927928;84,0;144,0;189,27560580989154
299;0,3;30,0;5,0;68,48087431693989;67,0;146,4578313253012;108,0;175,0;214,9387056422411
300;0,35;5,0;5,0;15,825910182960635;13,0;28,66294964028777;22,0;35,0;44,488859823248404
301;0,35;10,0;5,0;30,067534294759056;26,0;51,99413298565841;40,0;66,0;82,06166728041747
302;0,35;15,0;5,0;44,67893660531697;40,0;77,06992665036675;63,0;103,0;121,74886325568372
303;0,35;20,0;5,0;52,31120053655265;45,0;97,60607831677382;78,0;123,0;149,91727885332648
304;0,35;25,0;5,0;68,51155853840417;58,0;107,98730606488012;93,0;151,0;176,4988646032843
305;0,35;30,0;5,0;79,01075268817205;75,0;153,40308747855917;150,0;225,0;232,41384016673123
306;0,4;5,0;5,0;17,386590584878746;15,0;25,139935230952787;19,0;34,0;42,52652581583153
307;0,4;10,0;5,0;33,285714285714285;29,0;51,178221170104834;40,0;69,0;84,46393545581913
308;0,4;15,0;5,0;50,15291750503018;39,0;68,99145299145299;55,0;94,0;119,14437049648316
309;0,4;20,0;5,0;67,34248366013072;59,0;83,36230182031709;70,0;129,0;150,7047854804478
310;0,4;25,0;5,0;89,11385199240986;93,0;116,74961360123648;114,0;207,0;205,86346559364634
311;0,4;30,0;5,0;110,26904055390702;82,0;106,55865921787709;97,0;179,0;216,82769977178413
312;0,45;5,0;5,0;18,856994099271088;16,0;23,475550964187327;18,0;34,0;42,33254506345841
313;0,45;10,0;5,0;36,41700133868809;30,0;43,81788931788932;35,0;65,0;80,2348906565774
314;0,45;15,0;5,0;55,068767908309454;44,0;58,76121431807884;47,0;91,0;113,8299822263883
315;0,45;20,0;5,0;66,54118993135012;58,0;72,21436588103255;60,0;118,0;138,75555581238268
316;0,45;25,0;5,0;92,46725663716815;85,0;97,2401384083045;79,0;164,0;189,70739504547265
317;0,45;30,0;5,0;88,42724978973928;80,0;106,51942117288652;77,0;157,0;194,9466709626258
318;0,5;5,0;5,0;20,939430543572044;16,0;21,037087444709083;17,0;33,0;41,97651798828113
319;0,5;10,0;5,0;41,611481975967955;34,0;39,950863213811424;35,0;69,0;81,56234518977938
320;0,5;15,0;5,0;52,615591397849464;43,0;61,239558329332695;53,0;96,0;113,85514972718215
321;0,5;20,0;5,0;85,7933723196881;72,0;76,1726230613621;56,0;128,0;161,96599538105022
322;0,5;25,0;5,0;83,22245322245323;70,0;90,84363636363636;64,0;134,0;174,0660895860896
323;0,5;30,0;5,0;138,08767123287672;126,0;80,99654576856649;69,0;195,0;219,08421700144322
324;0,1;5,0;6,0;9,555642327215931;8,0;75,86102511179911;52,0;60,0;85,41666743901504
325;0,1;10,0;6,0;20,75354609929078;17,0;131,89880952380952;105,0;122,0;152,6523556231003
326;0,1;15,0;6,0;26,65163472378805;24,0;157,3276474769012;128,0;152,0;183,97928220068925
327;0,1;20,0;6,0;33,05440414507772;31,0;197,02154398563735;192,0;223,0;230,07594813071506
328;0,1;25,0;6,0;46,93812949640288;44,0;170,3111467522053;157,0;201,0;217,24927624860817
329;0,1;30,0;6,0;46,667808219178085;35,0;220,83772819472617;204,0;239,0;267,5055364139042
330;0,15;5,0;6,0;10,556100374963945;9,0;54,04616182572614;37,0;46,0;64,60226220069008
331;0,15;10,0;6,0;22,12676056338028;19,0;95,572153065929;69,0;88,0;117,69891362930929
332;0,15;15,0;6,0;32,97907188353048;27,0;145,67759944173065;125,0;152,0;178,65667132526113
333;0,15;20,0;6,0;45,9946380697051;44,0;175,57333333333332;142,0;186,0;221,56797140303843
334;0,15;25,0;6,0;43,40245261984393;40,0;172,73093042749372;152,0;192,0;216,13338304733765
335;0,15;30,0;6,0;72,4735294117647;70,0;195,32734530938123;191,0;261,0;267,80087472114593
336;0,2;5,0;6,0;12,450049455984175;11,0;44,11876699909338;33,0;44,0;56,56881645507755
337;0,2;10,0;6,0;22,079699953117675;17,0;77,30625;54,0;71,0;99,38594995311769
338;0,2;15,0;6,0;36,63165169315826;36,0;102,34221748400853;71,0;107,0;138,9738691771668
339;0,2;20,0;6,0;44,57243816254417;38,0;125,59328599096192;93,0;131,0;170,1657241535061
340;0,2;25,0;6,0;44,95218295218295;37,0;159,74346793349167;126,0;163,0;204,69565088567464
341;0,2;30,0;6,0;61,27947598253275;53,0;156,3476821192053;137,0;190,0;217,62715810173805
342;0,25;5,0;6,0;13,129421556387848;11,0;35,17694836588667;27,0;38,0;48,30636992227452
343;0,25;10,0;6,0;29,277227722772277;25,0;72,55887096774194;57,0;82,0;101,83609869051422
344;0,25;15,0;6,0;33,58117647058823;29,0;95,92240939254722;79,0;108,0;129,50358586313547
345;0,25;20,0;6,0;49,48184818481848;43,0;125,78382053025153;112,0;155,0;175,26566871507
346;0,25;25,0;6,0;62,41359223300971;49,0;181,98791540785498;154,0;203,0;244,40150764086468
347;0,25;30,0;6,0;53,097907949790795;53,0;126,1626129256428;101,0;154,0;179,2605208754336
348;0,3;5,0;6,0;15,021175539283593;13,0;32,456429942418424;24,0;37,0;47,477605481702014
349;0,3;10,0;6,0;27,198865650478552;23,0;59,692089393401915;46,0;69,0;86,89095504388047
350;0,3;15,0;6,0;38,19545903257651;33,5;75,63898916967509;56,0;89,5;113,8344482022516
351;0,3;20,0;6,0;51,62615493958778;43,0;103,27261833433194;91,0;134,0;154,89877327391972
352;0,3;25,0;6,0;74,38036809815951;67,0;122,51874521805662;113,0;180,0;196,89911331621613
353;0,3;30,0;6,0;76,7492385786802;69,0;126,41940298507463;95,0;164,0;203,16864156375482
354;0,35;5,0;6,0;15,937010808796124;13,0;28,986186841148672;21,0;34,0;44,9231976499448
355;0,35;10,0;6,0;32,12022630834512;26,0;50,963305785123964;40,0;66,0;83,08353209346907
356;0,35;15,0;6,0;44,459353574926546;35,0;70,16105550500455;61,0;96,0;114,62040907993111
357;0,35;20,0;6,0;49,88719684151156;42,0;91,92601291837933;90,0;132,0;141,8132097598909
358;0,35;25,0;6,0;64,35990888382688;49,0;130,38079739625712;121,0;170,0;194,740706280084
359;0,35;30,0;6,0;82,51917404129793;67,0;117,40379008746356;97,0;164,0;199,9229641287615
360;0,4;5,0;6,0;17,833816075307748;14,0;25,699298245614035;20,0;34,0;43,53311432092178
361;0,4;10,0;6,0;34,83696416022488;26,0;48,99361773597582;37,0;63,0;83,8305818962007
362;0,4;15,0;6,0;51,43910256410256;41,0;71,59653346172364;53,0;94,0;123,0356360258262
363;0,4;20,0;6,0;56,44291754756871;46,0;68,1508875739645;55,0;101,0;124,59380512153321
364;0,4;25,0;6,0;71,74702380952381;57,0;109,00366837857666;85,0;142,0;180,75069218810046
365;0,4;30,0;6,0;67,22197475872309;58,0;116,92051476154428;114,0;172,0;184,14248952026736
366;0,45;5,0;6,0;19,620812544547398;16,0;23,49965156794425;18,0;34,0;43,120464112491646
367;0,45;10,0;6,0;35,25746146277468;27,0;42,13913576463377;33,0;60,0;77,39659722740845
368;0,45;15,0;6,0;52,37416904083571;44,0;61,93103448275862;48,0;92,0;114,30520352359433
369;0,45;20,0;6,0;56,126541554959786;49,0;76,42919389978213;63,0;112,0;132,55573545474192
370;0,45;25,0;6,0;68,18046048537647;52,0;114,38682432432432;75,5;127,5;182,5672848097008
371;0,45;30,0;6,0;90,06869009584665;79,0;98,82959641255606;83,5;162,5;188,8982865084027
372;0,5;5,0;6,0;20,298943130347258;16,0;20,618224143664783;16,0;32,0;40,917167274012044
373;0,5;10,0;6,0;43,60552677029361;32,0;39,33819145412388;31,0;63,0;82,9437182244175
374;0,5;15,0;6,0;66,77956989247312;52,0;60,790135883241064;50,0;102,0;127,56970577571418
375;0,5;20,0;6,0;57,55794871794872;45,0;74,5435148792813;58,0;103,0;132,10146359723
376;0,5;25,0;6,0;77,9931506849315;63,0;91,37979094076655;75,0;138,0;169,37294162569805
377;0,5;30,0;6,0;98,05148833467418;74,0;85,20553633217993;60,0;134,0;183,2570246668541
378;0,1;5,0;7,0;9,31619937694704;8,0;74,96642929806714;56,0;64,0;84,28262867501418
379;0,1;10,0;7,0;18,23050259965338;16,0;136,64551555826725;122,0;138,0;154,87601815792064
380;0,1;15,0;7,0;27,710554951033732;25,0;168,7425057647963;142,0;167,0;196,45306071583005
381;0,1;20,0;7,0;29,619930475086907;29,0;182,40897755610973;147,0;176,0;212,02890803119664
382;0,1;25,0;7,0;38,717333333333336;34,0;171,12678288431061;149,0;183,0;209,84411621764394
383;0,1;30,0;7,0;46,09836065573771;46,0;229,27437185929648;214,0;260,0;275,37273251503416
384;0,15;5,0;7,0;10,319540229885057;9,0;53,571099154496544;38,0;47,0;63,8906393843816
385;0,15;10,0;7,0;19,687198714515265;18,0;95,43721356553621;74,0;92,0;115,12441228005147
386;0,15;15,0;7,0;32,08568980291345;26,0;137,09114927344783;112,0;138,0;169,17683907636126
387;0,15;20,0;7,0;30,107462686567164;25,0;161,09677419354838;149,0;174,0;191,20423688011556
388;0,15;25,0;7,0;55,99721835883171;49,0;164,44819277108434;151,0;200,0;220,44541112991604
389;0,15;30,0;7,0;61,12338858195212;52,0;198,50984067478913;188,0;240,0;259,63322925674123
390;0,2;5,0;7,0;11,882849342268553;10,0;46,251525105584236;34,0;44,0;58,13437444785279
391;0,2;10,0;7,0;21,805137289636846;18,0;81,3987525987526;58,0;76,0;103,20388988838944
392;0,2;15,0;7,0;34,70708546384222;33,0;107,85690879300928;85,0;118,0;142,56399425685152
393;0,2;20,0;7,0;46,124684077506316;43,0;131,56984785615492;111,0;154,0;177,69453193366124
394;0,2;25,0;7,0;56,02275312855517;41,0;159,2807160292921;128,0;169,0;215,30346915784727
395;0,2;30,0;7,0;60,54663212435233;55,0;175,29442970822282;166,0;221,0;235,84106183257515
396;0,25;5,0;7,0;13,509623797025371;11,0;37,58646153846154;27,0;38,0;51,09608533548691
397;0,25;10,0;7,0;26,663885025498377;23,0;75,96677471636953;57,0;80,0;102,6306597418679
398;0,25;15,0;7,0;35,81622911694511;30,0;101,24356869184456;84,0;114,0;137,05979780878965
399;0,25;20,0;7,0;40,35481635481636;35,0;111,23764145324598;73,0;108,0;151,59245780806233
400;0,25;25,0;7,0;61,875;39,0;154,25986842105263;116,0;155,0;216,13486842105263
401;0,25;30,0;7,0;66,2585635359116;62,0;139,22949586155005;92,0;154,0;205,48805939746165
402;0,3;5,0;7,0;14,56204963971177;12,0;33,63561804335091;25,0;37,0;48,197667683062676
403;0,3;10,0;7,0;26,30173943911963;23,0;58,73127147766323;52,0;75,0;85,03301091678286
404;0,3;15,0;7,0;34,0577915376677;30,0;89,99296128707893;63,0;93,0;124,05075282474662
405;0,3;20,0;7,0;45,52520740268028;41,0;100,03571428571429;83,0;124,0;145,56092168839456
406;0,3;25,0;7,0;77,03689687795648;62,0;126,60371517027863;119,0;181,0;203,6406120482351
407;0,3;30,0;7,0;51,744452945677125;41,0;150,8248299319728;133,0;174,0;202,56928287764993
408;0,35;5,0;7,0;16,435912129894938;13,0;30,088586030664395;23,0;36,0;46,52449816055933
409;0,35;10,0;7,0;31,111353711790393;24,0;54,12487275195114;41,0;65,0;85,23622646374153
410;0,35;15,0;7,0;47,43118279569892;42,0;71,45761166818596;63,0;105,0;118,88879446388489
411;0,35;20,0;7,0;70,11510791366906;63,0;112,42744817726948;91,0;154,0;182,54255609093855
412;0,35;25,0;7,0;65,46952789699571;59,0;123,7008797653959;122,0;181,0;189,1704076623916
413;0,35;30,0;7,0;86,40136830102622;73,0;157,41953488372093;140,0;213,0;243,82090318474715
414;0,4;5,0;7,0;18,0317880794702;15,0;27,58975304091412;21,0;36,0;45,62154112038432
415;0,4;10,0;7,0;37,427350427350426;31,0;46,433455028211085;37,0;68,0;83,86080545556152
416;0,4;15,0;7,0;43,071783295711064;32,0;71,88659298414224;55,0;87,0;114,9583762798533
417;0,4;20,0;7,0;62,429799426934096;56,0;94,86057692307692;71,0;127,0;157,290376350011
418;0,4;25,0;7,0;72,73691860465117;63,0;108,87603305785125;103,0;166,0;181,6129516625024
419;0,4;30,0;7,0;84,16538789428814;67,0;121,1880695940348;99,0;166,0;205,35345748832293
420;0,45;5,0;7,0;18,557039040054082;15,0;22,764438457652805;18,0;33,0;41,32147749770689
421;0,45;10,0;7,0;35,039891818796484;27,0;46,58932102834542;37,0;64,0;81,6292128471419
422;0,45;15,0;7,0;50,25370370370371;40,0;59,63811188811189;47,0;87,0;109,8918155918156
423;0,45;20,0;7,0;64,54797827398913;51,0;77,5964024732996;67,0;118,0;142,14438074728872
424;0,45;25,0;7,0;88,04970760233918;72,0;86,49166666666666;70,0;142,0;174,54137426900584
425;0,45;30,0;7,0;92,60899067005937;72,0;99,49743589743589;78,0;150,0;192,10642656749525
426;0,5;5,0;7,0;20,98168249660787;16,0;20,941298342541437;17,0;33,0;41,922980839149304
427;0,5;10,0;7,0;40,63588736083825;33,0;39,01193933526944;31,0;64,0;79,64782669610769
428;0,5;15,0;7,0;62,53287536800785;45,0;55,347457627118644;48,0;93,0;117,8803329951265
429;0,5;20,0;7,0;66,2152704135737;55,0;68,99368179207352;63,0;118,0;135,20895220564722
430;0,5;25,0;7,0;95,82072005878031;84,0;77,73948439620081;71,0;155,0;173,56020445498112
431;0,5;30,0;7,0;96,70616113744076;78,0;94,13978494623656;69,0;147,0;190,84594608367732
432;0,1;5,0;8,0;9,52016129032258;9,0;73,33222921497185;59,0;68,0;82,85239050529442
433;0,1;10,0;8,0;18,413273001508294;17,0;121,93698175787728;93,0;110,0;140,35025475938556
434;0,1;15,0;8,0;21,28727272727273;17,0;152,1868131868132;117,0;134,0;173,47408591408592
435;0,1;20,0;8,0;35,39310344827586;28,0;191,20272572402044;187,0;215,0;226,5958291722963
436;0,1;25,0;8,0;44,515;42,0;228,3356783919598;248,0;290,0;272,8506783919598
437;0,1;30,0;8,0;49,17546848381601;39,0;226,31832460732986;231,0;270,0;275,49379309114585
438;0,15;5,0;8,0;10,838859802210587;9,0;54,32426778242678;38,0;47,0;65,16312758463737
439;0,15;10,0;8,0;21,912947658402203;20,0;97,49548693586698;84,0;104,0;119,40843459426918
440;0,15;15,0;8,0;28,292576419213972;24,0;120,82415005861665;84,5;108,5;149,11672647783064
441;0,15;20,0;8,0;42,270391061452514;37,0;141,7017783857729;131,0;168,0;183,97216944722544
442;0,15;25,0;8,0;46,31742508324084;44,0;143,24735729386893;138,0;182,0;189,56478237710976
443;0,15;30,0;8,0;62,33851468048359;63,0;194,51210428305401;186,0;249,0;256,8506189635376
444;0,2;5,0;8,0;12,164646464646465;11,0;45,73141263940521;35,0;46,0;57,89605910405167
445;0,2;10,0;8,0;24,21390887290168;22,0;78,78250303766707;59,0;81,0;102,99641191056875
446;0,2;15,0;8,0;34,13381294964029;32,0;119,58474576271186;101,0;133,0;153,71855871235215
447;0,2;20,0;8,0;35,809983896940416;32,0;141,6129943502825;134,5;166,5;177,42297824722291
448;0,2;25,0;8,0;68,66511085180863;61,0;180,73203883495145;166,5;227,5;249,3971496867601
449;0,2;30,0;8,0;61,1764705882353;45,0;169,85507246376812;141,0;186,0;231,03154305200343
450;0,25;5,0;8,0;12,92359503262471;11,0;35,9225200547838;27,0;38,0;48,84611508740851
451;0,25;10,0;8,0;27,411867364746946;23,0;70,99454403741231;55,0;78,0;98,40641140215925
452;0,25;15,0;8,0;36,80814576634512;33,0;85,63186012627489;61,0;94,0;122,44000589262001
453;0,25;20,0;8,0;47,23857868020305;41,0;120,94884910485933;111,0;152,0;168,18742778506237
454;0,25;25,0;8,0;55,16288252714709;45,0;141,34529147982062;129,0;174,0;196,5081740069677
455;0,25;30,0;8,0;69,66193853427896;65,0;168,99727520435968;149,0;214,0;238,65921373863864
456;0,3;5,0;8,0;14,43783892347861;12,0;33,614368932038836;26,0;38,0;48,052207855517445
457;0,3;10,0;8,0;29,77777777777778;23,0;65,89312977099236;47,0;70,0;95,67090754877015
458;0,3;15,0;8,0;34,0;25,0;87,32840236686391;62,0;87,0;121,32840236686391
459;0,3;20,0;8,0;57,95839524517088;51,0;108,01293661060802;88,5;139,5;165,97133185577889
460;0,3;25,0;8,0;76,5285848172446;54,0;116,8412017167382;76,0;130,0;193,3697865339828
461;0,3;30,0;8,0;82,35546475995915;67,0;122,94240837696336;91,0;158,0;205,2978731369225
462;0,35;5,0;8,0;16,36516424751719;13,0;29,828122074517882;24,0;37,0;46,19328632203507
463;0,35;10,0;8,0;29,518745739604636;26,0;52,90313961255845;41,0;67,0;82,42188535216309
464;0,35;15,0;8,0;43,82681272822118;33,0;78,49049244271087;64,0;97,0;122,31730517093206
465;0,35;20,0;8,0;49,85415345592898;44,0;91,1171960569551;77,5;121,5;140,97134951288407
466;0,35;25,0;8,0;67,29156999226605;43,0;141,19034852546918;129,0;172,0;208,4819185177352
467;0,35;30,0;8,0;78,0278019113814;54,0;132,18909710391821;107,0;161,0;210,21689901529962
468;0,4;5,0;8,0;17,91934306569343;15,0;25,996458296440586;20,0;35,0;43,91580136213402
469;0,4;10,0;8,0;35,432499118787455;29,0;46,84760051880674;36,0;65,0;82,28009963759419
470;0,4;15,0;8,0;42,9766590389016;37,0;64,02372881355932;55,0;92,0;107,00038785246092
471;0,4;20,0;8,0;74,74702380952381;68,0;85,47604967474867;70,0;138,0;160,22307348427248
472;0,4;25,0;8,0;67,72160664819944;57,0;102,44258872651356;72,0;129,0;170,16419537471302
473;0,4;30,0;8,0;83,91246431969553;84,0;145,05827937095282;132,0;216,0;228,97074369064836
474;0,45;5,0;8,0;19,908828828828828;16,0;24,083437779767234;19,0;35,0;43,99226660859606
475;0,45;10,0;8,0;38,94366702547542;31,0;46,258983050847455;38,0;69,0;85,20265007632287
476;0,45;15,0;8,0;54,56517412935323;45,0;64,62464183381088;48,0;93,0;119,18981596316411
477;0,45;20,0;8,0;74,5055900621118;64,0;68,1449591280654;59,0;123,0;142,6505491901772
478;0,45;25,0;8,0;72,09855453350855;64,0;89,04937458854509;73,0;137,0;161,14792912205365
479;0,45;30,0;8,0;80,32911392405063;68,0;88,90006798096533;76,0;144,0;169,22918190501596
480;0,5;5,0;8,0;22,234046377853677;17,0;21,620388522545;17,0;34,0;43,85443490039867
481;0,5;10,0;8,0;38,31367548613325;30,0;39,3846639318397;30,0;60,0;77,69833941797295
482;0,5;15,0;8,0;58,794401544401545;49,0;60,1161542215715;46,0;95,0;118,91055576597304
483;0,5;20,0;8,0;91,6477495107632;72,0;70,37306397306398;67,0;139,0;162,02081348382717
484;0,5;25,0;8,0;93,62146892655367;74,0;70,5787821720025;67,0;141,0;164,20025109855618
485;0,5;30,0;8,0;104,107202680067;80,0;99,7487603305785;87,0;167,0;203,8559630106455
486;0,1;5,0;9,0;9,793352022426912;9,0;75,63305898491083;53,0;62,0;85,42641100733775
487;0,1;10,0;9,0;19,09162098668755;17,0;124,22297297297297;103,0;120,0;143,31459395966053
488;0,1;15,0;9,0;23,720156555772995;22,0;148,55854643337818;116,0;138,0;172,27870298915118
489;0,1;20,0;9,0;36,415754923413566;32,0;211,4425925925926;220,5;252,5;247,85834751600618
490;0,1;25,0;9,0;32,81785714285714;29,0;235,57380457380458;243,5;272,5;268,3916617166617
491;0,1;30,0;9,0;53,32235294117647;57,0;212,15458015267177;174,0;231,0;265,47693309384823
492;0,15;5,0;9,0;10,718275652701882;9,0;58,08698060941828;44,0;53,0;68,80525626212017
493;0,15;10,0;9,0;20,276338514680482;17,0;97,25544738062123;70,0;87,0;117,53178589530171
494;0,15;15,0;9,0;31,277408637873755;28,0;132,4022988505747;105,0;133,0;163,67970748844846
495;0,15;20,0;9,0;44,08154020385051;37,0;156,95049504950495;141,0;178,0;201,03203525335545
496;0,15;25,0;9,0;62,07058823529412;53,0;184,13097345132743;166,5;219,5;246,20156168662155
497;0,15;30,0;9,0;56,1791483113069;58,0;212,0430769230769;256,0;314,0;268,2222252343838
498;0,2;5,0;9,0;11,64840947141832;10,0;43,71893095768374;33,0;43,0;55,36734042910206
499;0,2;10,0;9,0;23,630709426627796;21,0;84,3142979819665;69,0;90,0;107,94500740859431
500;0,2;15,0;9,0;30,946091644204852;28,0;112,15549295774647;90,0;118,0;143,10158460195132
501;0,2;20,0;9,0;43,139748953974895;39,0;135,27832167832167;123,5;162,5;178,41807063229658
502;0,2;25,0;9,0;45,1778801843318;40,0;148,80941533788913;127,0;167,0;193,98729552222093
503;0,2;30,0;9,0;56,66591928251121;60,0;169,38501742160278;150,0;210,0;226,050936704114
504;0,25;5,0;9,0;12,841725090291057;11,0;37,526230174867834;29,0;40,0;50,36795526515889
505;0,25;10,0;9,0;25,597826086956523;22,0;71,11842105263158;53,5;75,5;96,71624713958809
506;0,25;15,0;9,0;36,703917790622995;31,0;100,18773333333333;76,0;107,0;136,8916511239563
507;0,25;20,0;9,0;50,281225451688925;45,0;136,90771558245083;112,0;157,0;187,18894103413976
508;0,25;25,0;9,0;61,97731958762886;58,0;150,1884646628757;127,0;185,0;212,16578425050457
509;0,25;30,0;9,0;72,19246861924687;56,0;213,99557032115172;279,0;335,0;286,1880389403986
510;0,3;5,0;9,0;15,160754105007095;13,0;32,84677730605944;24,0;37,0;48,00753141106653
511;0,3;10,0;9,0;29,29230769230769;26,0;60,02132954141486;48,0;74,0;89,31363723372255
512;0,3;15,0;9,0;42,63417569193742;35,0;96,3174778761062;69,0;104,0;138,9516535680436
513;0,3;20,0;9,0;54,25195618153364;49,0;118,53306342780027;108,0;157,0;172,78501960933392
514;0,3;25,0;9,0;66,82342807924203;59,0;116,2625;88,0;147,0;183,08592807924202
515;0,3;30,0;9,0;55,97691197691198;48,0;143,33561643835617;110,0;158,0;199,31252841526816
516;0,35;5,0;9,0;16,23193340900492;13,0;29,0825721592985;22,0;35,0;45,31450556830342
517;0,35;10,0;9,0;28,91873038018835;24,0;55,4343365253078;42,0;66,0;84,35306690549615
518;0,35;15,0;9,0;48,693557422969185;40,0;77,75799311362519;58,0;98,0;126,45155053659437
519;0,35;20,0;9,0;47,54249857387336;45,0;91,85113636363636;78,5;123,5;139,39363493750972
520;0,35;25,0;9,0;63,636087945413195;60,0;112,47486033519553;82,0;142,0;176,11094828060874
521;0,35;30,0;9,0;98,6434023991276;80,0;148,6;142,5;222,5;247,2434023991276
522;0,4;5,0;9,0;17,278532369024518;14,0;25,322541759944894;20,0;34,0;42,601074128969415
523;0,4;10,0;9,0;31,392305162775404;26,0;47,63810130614846;37,0;63,0;79,03040646892386
524;0,4;15,0;9,0;44,983621474067334;38,0;67,65092592592593;62,0;100,0;112,63454739999327
525;0,4;20,0;9,0;64,74167776298269;53,0;93,39949431099873;75,0;128,0;158,1411720739814
526;0,4;25,0;9,0;74,20029239766082;62,0;103,01076812634602;95,0;157,0;177,21106052400683
527;0,4;30,0;9,0;76,29411764705883;62,0;116,2162615255658;89,0;151,0;192,51037917262462
528;0,45;5,0;9,0;19,45438627210646;16,0;23,31464391433049;18,0;34,0;42,76903018643695
529;0,45;10,0;9,0;37,22826463456876;29,0;47,470486710390055;36,0;65,0;84,69875134495882
530;0,45;15,0;9,0;54,494105586878526;44,0;66,35502392344497;53,0;97,0;120,84912951032351
531;0,45;20,0;9,0;77,07772697583279;66,0;71,38504777965149;46,0;112,0;148,46277475548428
532;0,45;25,0;9,0;75,15112994350282;53,0;87,32577189666037;67,0;120,0;162,47690184016318
533;0,45;30,0;9,0;80,93919413919414;72,0;104,0355761794277;91,0;163,0;184,97477031862184
534;0,5;5,0;9,0;20,636240244316255;16,0;21,263357462943812;17,0;33,0;41,89959770726007
535;0,5;10,0;9,0;38,386034255599476;30,0;40,408933626926704;31,0;61,0;78,79496788252618
536;0,5;15,0;9,0;62,444215938303344;45,0;54,933748332592266;43,0;88,0;117,3779642708956
537;0,5;20,0;9,0;82,09318028359216;67,0;81,09067017082786;72,0;139,0;163,18385045442002
538;0,5;25,0;9,0;82,9795918367347;62,0;81,14775725593668;74,5;136,5;164,12734909267138
539;0,5;30,0;9,0;91,400790513834;84,0;93,01078360891445;81,0;165,0;184,41157412274845
